Designator,Comment,Layer,Footprint,Center-X(mm),Center-Y(mm),Rotation,Description,Difference,Difference,Difference,Difference,Difference,Difference
D36,SMAJ12CA-TR,TopLayer,FP-SMA-CA-MFG,125.7000,127.3250,90,TVS DIODE 12V 25.3V SMA,0.20824830590135965,0.20824830590135965,0.20824830590135965,0.20824830590135965,0.20824830590135965,0.20824830590135965
R40,Resistor 0R +/- 5% 0805 125 mW,TopLayer,RESC2013X60X35ML10T20,54.5020,103.9845,180,"Chip Resistor, 0 Ohm, 0.125 W, -55 to 155 degC, 0805 (2012 Metric)",0.1246190894882201,0.1246190894882201,0.1246190894882201,0.1246190894882201,0.1246190894882201,0.1246190894882201
D47,SMAJ12CA-TR,TopLayer,FP-SMA-CA-MFG,13.5000,108.9000,0,TVS DIODE 12V 25.3V SMA,0.23267912836443982,0.23267912836443982,0.23267912836443982,0.23267912836443982,0.23267912836443982,0.23267912836443982
D46,CDSOT23-SM712,TopLayer,FP-SOT23-MFG,29.3250,10.7000,90,TVS DIODE 7V/12V 14V/26V SOT23-3,0.10336327714853571,0.10336327714853571,0.10336327714853571,0.10336327714853571,0.10336327714853571,0.10336327714853571
D45,CDSOT23-SM712,TopLayer,FP-SOT23-MFG,24.0750,10.7000,90,TVS DIODE 7V/12V 14V/26V SOT23-3,0.14782170054896804,0.14782170054896804,0.14782170054896804,0.14782170054896804,0.14782170054896804,0.14782170054896804
D44,CDSOT23-SM712,TopLayer,FP-SOT23-MFG,73.1250,10.5250,90,TVS DIODE 7V/12V 14V/26V SOT23-3,0.06628345449593621,0.06628345449593621,0.06628345449593621,0.06628345449593621,0.06628345449593621,0.06628345449593621
D43,CDSOT23-SM712,TopLayer,FP-SOT23-MFG,43.0500,11.7500,90,TVS DIODE 7V/12V 14V/26V SOT23-3,0.10922012373437255,0.10922012373437255,0.10922012373437255,0.10922012373437255,0.10922012373437255,0.10922012373437255
D42,CDSOT23-SM712,TopLayer,FP-SOT23-MFG,49.2750,11.7500,90,TVS DIODE 7V/12V 14V/26V SOT23-3,0.089613084546059,0.089613084546059,0.089613084546059,0.089613084546059,0.089613084546059,0.089613084546059
D41,CDSOT23-SM712,TopLayer,FP-SOT23-MFG,68.8000,10.5250,90,TVS DIODE 7V/12V 14V/26V SOT23-3,0.04759044215245207,0.04759044215245207,0.04759044215245207,0.04759044215245207,0.04759044215245207,0.04759044215245207
D40,CDSOT23-SM712,TopLayer,FP-SOT23-MFG,62.8750,10.5250,90,TVS DIODE 7V/12V 14V/26V SOT23-3,0.10365152366379016,0.10365152366379016,0.10365152366379016,0.10365152366379016,0.10365152366379016,0.10365152366379016
R142,10k_603,TopLayer,RESC1608X55X25ML10T15,133.8916,74.7500,180,RC0603JR-070RL,0.11021492446084519,0.11021492446084519,0.11021492446084519,0.11021492446084519,0.11021492446084519,0.11021492446084519
R141,0R_603,TopLayer,RESC1608X55X25ML10T15,102.1000,75.7000,270,RC0603JR-070RL,0.03613492248434993,0.03613492248434993,0.03613492248434993,0.03613492248434993,0.03613492248434993,0.03613492248434993
R140,0R,TopLayer,RESC1608X55X25ML10T15,106.1750,31.4500,90,RC0603JR-070RL,0.019531078955137147,0.019531078955137147,0.019531078955137147,0.019531078955137147,0.019531078955137147,0.019531078955137147
R139,0R,TopLayer,RESC1608X55X25ML10T15,104.5500,31.4250,90,RC0603JR-070RL,0.11908486280079685,0.11908486280079685,0.11908486280079685,0.11908486280079685,0.11908486280079685,0.11908486280079685
P11,L-KLS1-XM1-3.00-2X02-R,TopLayer,66200421022,82.7518,5.3313,0,"THT Male Header WR-MPC3, with Snap-in Plastic Pegs, Right Angled, Dual Row, pitch 3 mm, 4 pins",0.22611119641579586,0.22611119641579586,0.22611119641579586,0.22611119641579586,0.22611119641579586,0.22611119641579586
J8,0430450800,TopLayer,0430450800_1,5.7450,117.1000,270,Connector,0.17658465126360667,0.17658465126360667,0.17658465126360667,0.17658465126360667,0.17658465126360667,0.17658465126360667
P10,L-KLS1-XM1-3.00-2X02-R,TopLayer,66200421022,94.4132,5.3313,0,"THT Male Header WR-MPC3, with Snap-in Plastic Pegs, Right Angled, Dual Row, pitch 3 mm, 4 pins",0.291965132337975,0.291965132337975,0.291965132337975,0.291965132337975,0.291965132337975,0.291965132337975
J7,0430450800,TopLayer,0430450800_1,26.5349,5.2813,0,Connector,0.28792878733831306,0.28792878733831306,0.28792878733831306,0.28792878733831306,0.28792878733831306,0.28792878733831306
J5,L-KLS1-XM1-3.00-2X04-R,TopLayer,0430450800_1,46.7064,5.2813,0,Connector,0.29705632978496216,0.29705632978496216,0.29705632978496216,0.29705632978496216,0.29705632978496216,0.29705632978496216
J4,0430450800,TopLayer,0430450800_1,66.1374,5.2813,0,Connector,0.30419239992065084,0.30419239992065084,0.30419239992065084,0.30419239992065084,0.30419239992065084,0.30419239992065084
J3,0430450800,TopLayer,0430450800_1,113.8640,5.2813,0,Connector,0.3172510279216821,0.3172510279216821,0.3172510279216821,0.3172510279216821,0.3172510279216821,0.3172510279216821
R13,10 kOhms,TopLayer,RES_0603_1608,134.1120,62.7130,0,RES SMD 10K OHM 1% 1/8W 0603,0.4356658897146381,0.4356658897146381,0.4356658897146381,0.4356658897146381,0.4356658897146381,0.4356658897146381
R6,10k_603,TopLayer,RES_0603_1608,133.9850,67.7930,0,RES SMD 10K OHM 1% 1/8W 0603,0.3090536822196122,0.3090536822196122,0.3090536822196122,0.3090536822196122,0.3090536822196122,0.3090536822196122
R2,1 kOhms,TopLayer,RES_0603_1608,97.5097,70.5907,270,RES SMD 1K OHM 1% 1/10W 0603,-0.06867924162697071,-0.06867924162697071,-0.06867924162697071,-0.06867924162697071,-0.06867924162697071,-0.06867924162697071
C5,C0603C100C5GACTU,TopLayer,FP-C0603C-CF-MFG,103.3500,69.9000,0,CAP CER 10PF 50V NP0 0603,0.07369588607765122,0.07369588607765122,0.07369588607765122,0.07369588607765122,0.07369588607765122,0.07369588607765122
C4,C0603C100C5GACTU,TopLayer,FP-C0603C-CF-MFG,103.3000,71.9000,0,CAP CER 10PF 50V NP0 0603,0.0590082245052145,0.0590082245052145,0.0590082245052145,0.0590082245052145,0.0590082245052145,0.0590082245052145
C19,Capacitor 100 nF +/-10% 50 V 0603,TopLayer,CAPC1608X90X40NL10T20,117.7710,32.8510,90,"Chip Capacitor, 100 nF, +/- 10%, 50 V, 0603 (1608 Metric)",0.15940942007355366,0.15940942007355366,0.15940942007355366,0.15940942007355366,0.15940942007355366,0.15940942007355366
Y1,XTAL32M,TopLayer,ASX3F-32M-FA100A4,100.2000,71.0000,90,Crystal Oscillator,0.11827149675986456,0.11827149675986456,0.11827149675986456,0.11827149675986456,0.11827149675986456,0.11827149675986456
U5,MCP2551-I/SN,TopLayer,MCHP-SN8_V,71.5010,15.3680,0,"High-Speed CAN Transceiver,
 1 Mb/s, 4.5 to 5.5 V, 8-Pin SOIC (SN), Industrial Temperature, RoHS, Tube",0.06076577302508513,0.06076577302508513,0.06076577302508513,0.06076577302508513,0.06076577302508513,0.06076577302508513
U2,LM4128AMF-2.5,TopLayer,MF05A_N,102.2230,66.8290,0,"Precision Micropower Series Voltage Reference, 5-pin SOT-23",0.2521073359820952,0.2521073359820952,0.2521073359820952,0.2521073359820952,0.2521073359820952,0.2521073359820952
U1,STM32L433VCT6TR,TopLayer,LQFP-100_STM,83.3120,69.9520,180,No Description Available,0.1458329446692229,0.1458329446692229,0.1458329446692229,0.1458329446692229,0.1458329446692229,0.1458329446692229
U4,MAX485ESA+T,TopLayer,FP-S8-2-MFG,69.5440,25.7560,0,IC TRANSCEIVER HALF 1/1 8SOIC,0.1353218331972339,0.1353218331972339,0.1353218331972339,0.1353218331972339,0.1353218331972339,0.1353218331972339
U3,NCP1117ST33T3G,TopLayer,ONSC-SOT-223-4-318H-01_A_V,123.3170,36.4240,0,"Low-Dropout Positive Fixed Voltage Regulator, 1 A, 3.3 V Output Voltage, 0 to 125 degC, 4-Pin SOT-223 (318H-01), Pb-Free, Tape and Reel",0.12540886346132474,0.12540886346132474,0.12540886346132474,0.12540886346132474,0.12540886346132474,0.12540886346132474
RST1,BUTON,TopLayer,TECO-FSMSM-2_V,100.5840,51.0060,90,"FSMSM Push Button Switch, 50 mA, -35 to 85 degC, 2-Pin SMD, RoHS, Bulk",0.18694216171949532,0.18694216171949532,0.18694216171949532,0.18694216171949532,0.18694216171949532,0.18694216171949532
R136,ERJ-3EKF1501V,TopLayer,RESC1608X55X30ML15T15,35.3650,21.8548,0,,0.09684978320982746,0.09684978320982746,0.09684978320982746,0.09684978320982746,0.09684978320982746,0.09684978320982746
R135,RC0603JR-070RL,TopLayer,RESC1608X55X25ML10T15,17.8000,22.2500,0,"Chip Resistor, 0 Ohm, +/- 5%, 0.1 W, -55 to 155 degC, 0603 (1608 Metric), RoHS, Tape and Reel",0.18681670788117904,0.18681670788117904,0.18681670788117904,0.18681670788117904,0.18681670788117904,0.18681670788117904
R134,22 Ohms,TopLayer,RES_0603_1608,31.0690,20.2038,0,RES 22 OHM 1% 1/10W 0603,0.03466061456739898,0.03466061456739898,0.03466061456739898,0.03466061456739898,0.03466061456739898,0.03466061456739898
R132,RC0603JR-070RL,TopLayer,RESC1608X55X25ML10T15,17.8618,24.2183,0,"Chip Resistor, 0 Ohm, +/- 5%, 0.1 W, -55 to 155 degC, 0603 (1608 Metric), RoHS, Tape and Reel",0.12042917361692876,0.12042917361692876,0.12042917361692876,0.12042917361692876,0.12042917361692876,0.12042917361692876
R131,2 kOhms,TopLayer,RES_0603_1608,64.2620,23.5970,90,RES 2K OHM 1% 1/10W 0603,0.04265536652467591,0.04265536652467591,0.04265536652467591,0.04265536652467591,0.04265536652467591,0.04265536652467591
R130,22 Ohms,TopLayer,RES_0603_1608,31.0840,21.9818,0,RES 22 OHM 1% 1/10W 0603,0.06102855909697554,0.06102855909697554,0.06102855909697554,0.06102855909697554,0.06102855909697554,0.06102855909697554
R129,1 kOhms,TopLayer,RES_0603_1608,25.1150,25.6648,270,RES SMD 1K OHM 1% 1/10W 0603,0.03130247730993289,0.03130247730993289,0.03130247730993289,0.03130247730993289,0.03130247730993289,0.03130247730993289
R127,ERJ-3EKF4701V,TopLayer,RESC1608X55X30NL15T15,75.4750,27.9000,180,"Precision Thick Film Chip Resistor, 4.7 KOhm, +/- 1%, -55 to 155 degC, 0603 (1608 Metric), RoHS, Tape and Reel",0.0906088458057591,0.0906088458057591,0.0906088458057591,0.0906088458057591,0.0906088458057591,0.0906088458057591
R125,ERJ-3EKF1501V,TopLayer,RESC1608X55X30ML15T15,35.4020,19.9498,180,,0.08242443932758588,0.08242443932758588,0.08242443932758588,0.08242443932758588,0.08242443932758588,0.08242443932758588
R123,1 kOhms,TopLayer,RES_0603_1608,30.0680,25.6648,90,RES SMD 1K OHM 1% 1/10W 0603,0.07041583085869067,0.07041583085869067,0.07041583085869067,0.07041583085869067,0.07041583085869067,0.07041583085869067
R115,ERJ-3EKF4701V,TopLayer,RESC1608X55X30NL15T15,74.8500,21.3500,270,"Precision Thick Film Chip Resistor, 4.7 KOhm, +/- 1%, -55 to 155 degC, 0603 (1608 Metric), RoHS, Tape and Reel",0.06553527005315837,0.06553527005315837,0.06553527005315837,0.06553527005315837,0.06553527005315837,0.06553527005315837
R96,Resistor 0R +/- 5% 1206 250 mW,BottomLayer,RESC3216X60X45ML15T20,14.6050,59.7158,90,"Chip Resistor, 0 Ohm, +/- 5%, 0.25 W, -55 to 155 degC, 1206 (3216 Metric)",0.22662363089987986,0.22662363089987986,0.22662363089987986,0.22662363089987986,0.22662363089987986,0.22662363089987986
R95,Resistor 0R +/- 5% 1206 250 mW,BottomLayer,RESC3216X60X45ML15T20,14.6050,45.1457,90,"Chip Resistor, 0 Ohm, +/- 5%, 0.25 W, -55 to 155 degC, 1206 (3216 Metric)",0.15832115936197036,0.15832115936197036,0.15832115936197036,0.15832115936197036,0.15832115936197036,0.15832115936197036
R93,Resistor 0R +/- 5% 1206 250 mW,BottomLayer,RESC3216X60X45ML15T20,14.6050,97.9936,90,"Chip Resistor, 0 Ohm, +/- 5%, 0.25 W, -55 to 155 degC, 1206 (3216 Metric)",0.3382209278039664,0.3382209278039664,0.3382209278039664,0.3382209278039664,0.3382209278039664,0.3382209278039664
R92,Resistor 0R +/- 5% 1206 250 mW,BottomLayer,RESC3216X60X45ML15T20,14.5542,83.7188,90,"Chip Resistor, 0 Ohm, +/- 5%, 0.25 W, -55 to 155 degC, 1206 (3216 Metric)",0.27320614937481774,0.27320614937481774,0.27320614937481774,0.27320614937481774,0.27320614937481774,0.27320614937481774
R91,10 kOhms,TopLayer,RES_0603_1608,49.8400,63.6124,90,RES SMD 10K OHM 1% 1/8W 0603,0.1443929696351189,0.1443929696351189,0.1443929696351189,0.1443929696351189,0.1443929696351189,0.1443929696351189
R90,Resistor 0R +/- 5% 1206 250 mW,BottomLayer,RESC3216X60X45ML15T20,14.6050,78.4610,90,"Chip Resistor, 0 Ohm, +/- 5%, 0.25 W, -55 to 155 degC, 1206 (3216 Metric)",0.23740309761541756,0.23740309761541756,0.23740309761541756,0.23740309761541756,0.23740309761541756,0.23740309761541756
R89,Resistor 0R +/- 5% 1206 250 mW,BottomLayer,RESC3216X60X45ML15T20,14.5542,65.0169,90,"Chip Resistor, 0 Ohm, +/- 5%, 0.25 W, -55 to 155 degC, 1206 (3216 Metric)",0.24404505778008545,0.24404505778008545,0.24404505778008545,0.24404505778008545,0.24404505778008545,0.24404505778008545
R88,10 kOhms,TopLayer,RES_0603_1608,49.3014,101.1536,90,RES SMD 10K OHM 1% 1/8W 0603,0.15807638947603803,0.15807638947603803,0.15807638947603803,0.15807638947603803,0.15807638947603803,0.15807638947603803
R87,10 kOhms,TopLayer,RES_0603_1608,49.6316,82.8148,90,RES SMD 10K OHM 1% 1/8W 0603,0.19245424571935882,0.19245424571935882,0.19245424571935882,0.19245424571935882,0.19245424571935882,0.19245424571935882
R86,Resistor 0R +/- 5% 1206 250 mW,BottomLayer,RESC3216X60X45ML15T20,26.6954,59.7158,90,"Chip Resistor, 0 Ohm, +/- 5%, 0.25 W, -55 to 155 degC, 1206 (3216 Metric)",0.15335197071360007,0.15335197071360007,0.15335197071360007,0.15335197071360007,0.15335197071360007,0.15335197071360007
R85,Resistor 0R +/- 5% 1206 250 mW,BottomLayer,RESC3216X60X45ML15T20,26.6954,45.5826,90,"Chip Resistor, 0 Ohm, +/- 5%, 0.25 W, -55 to 155 degC, 1206 (3216 Metric)",0.1615843062957553,0.1615843062957553,0.1615843062957553,0.1615843062957553,0.1615843062957553,0.1615843062957553
R84,Resistor 0R +/- 5% 1206 250 mW,BottomLayer,RESC3216X60X45ML15T20,26.6954,97.9936,90,"Chip Resistor, 0 Ohm, +/- 5%, 0.25 W, -55 to 155 degC, 1206 (3216 Metric)",0.43794643483171436,0.43794643483171436,0.43794643483171436,0.43794643483171436,0.43794643483171436,0.43794643483171436
R83,Resistor 0R +/- 5% 1206 250 mW,BottomLayer,RESC3216X60X45ML15T20,26.6954,83.7442,90,"Chip Resistor, 0 Ohm, +/- 5%, 0.25 W, -55 to 155 degC, 1206 (3216 Metric)",0.3057008433872189,0.3057008433872189,0.3057008433872189,0.3057008433872189,0.3057008433872189,0.3057008433872189
R79,Resistor 0R +/- 5% 1206 250 mW,BottomLayer,RESC3216X60X45ML15T20,20.7772,51.4256,90,"Chip Resistor, 0 Ohm, +/- 5%, 0.25 W, -55 to 155 degC, 1206 (3216 Metric)",0.38416284717114635,0.38416284717114635,0.38416284717114635,0.38416284717114635,0.38416284717114635,0.38416284717114635
R78,Resistor 0R +/- 5% 1206 250 mW,BottomLayer,RESC3216X60X45ML15T20,20.7772,39.4138,90,"Chip Resistor, 0 Ohm, +/- 5%, 0.25 W, -55 to 155 degC, 1206 (3216 Metric)",0.3400937484734057,0.3400937484734057,0.3400937484734057,0.3400937484734057,0.3400937484734057,0.3400937484734057
R77,Resistor 0R +/- 5% 1206 250 mW,BottomLayer,RESC3216X60X45ML15T20,20.7772,89.1539,90,"Chip Resistor, 0 Ohm, +/- 5%, 0.25 W, -55 to 155 degC, 1206 (3216 Metric)",0.17289332240450683,0.17289332240450683,0.17289332240450683,0.17289332240450683,0.17289332240450683,0.17289332240450683
R76,Resistor 0R +/- 5% 1206 250 mW,BottomLayer,RESC3216X60X45ML15T20,20.7772,77.5748,90,"Chip Resistor, 0 Ohm, +/- 5%, 0.25 W, -55 to 155 degC, 1206 (3216 Metric)",0.4164636932459148,0.4164636932459148,0.4164636932459148,0.4164636932459148,0.4164636932459148,0.4164636932459148
R75,Resistor 0R +/- 5% 1206 250 mW,BottomLayer,RESC3216X60X45ML15T20,20.7772,70.5479,90,"Chip Resistor, 0 Ohm, +/- 5%, 0.25 W, -55 to 155 degC, 1206 (3216 Metric)",0.3489511737614657,0.3489511737614657,0.3489511737614657,0.3489511737614657,0.3489511737614657,0.3489511737614657
R74,Resistor 0R +/- 5% 1206 250 mW,BottomLayer,RESC3216X60X45ML15T20,20.7772,58.5519,90,"Chip Resistor, 0 Ohm, +/- 5%, 0.25 W, -55 to 155 degC, 1206 (3216 Metric)",0.3842439673144909,0.3842439673144909,0.3842439673144909,0.3842439673144909,0.3842439673144909,0.3842439673144909
R53,10K,TopLayer,RESC1609X50X30NL8T20,35.2820,118.4660,0,CRCW060310K0FKEA,0.010437665523293558,0.010437665523293558,0.010437665523293558,0.010437665523293558,0.010437665523293558,0.010437665523293558
R48,470R,TopLayer,FP-CRCW0603-e3-MFG,36.5928,114.5385,180,CRCW0603470RFKEA,0.15449016337008822,0.15449016337008822,0.15449016337008822,0.15449016337008822,0.15449016337008822,0.15449016337008822
R43,0R,TopLayer,RESC1608X55X25ML10T15,35.2820,124.6890,0,RC0603JR-070RL,0.14634585186871957,0.14634585186871957,0.14634585186871957,0.14634585186871957,0.14634585186871957,0.14634585186871957
R38,10K,TopLayer,RESC1609X50X30NL8T20,29.9588,118.5930,0,CRCW060310K0FKEA,0.013404545893811728,0.013404545893811728,0.013404545893811728,0.013404545893811728,0.013404545893811728,0.013404545893811728
R37,10K,TopLayer,RESC1609X50X30NL8T20,24.6426,119.4474,0,CRCW060310K0FKEA,0.15749457589801444,0.15749457589801444,0.15749457589801444,0.15749457589801444,0.15749457589801444,0.15749457589801444
R36,10K,TopLayer,RESC1609X50X30NL8T20,12.1547,118.9390,0,CRCW060310K0FKEA,0.024665952792274612,0.024665952792274612,0.024665952792274612,0.024665952792274612,0.024665952792274612,0.024665952792274612
R32,10K,TopLayer,RESC1609X50X30NL8T20,108.3278,17.6280,270,CRCW060310K0FKEA,0.14641166055659532,0.14641166055659532,0.14641166055659532,0.14641166055659532,0.14641166055659532,0.14641166055659532
R30,470R,TopLayer,FP-CRCW0603-e3-MFG,31.1000,114.5750,180,CRCW0603470RFKEA,0.12992031511903002,0.12992031511903002,0.12992031511903002,0.12992031511903002,0.12992031511903002,0.12992031511903002
R29,470R,TopLayer,FP-CRCW0603-e3-MFG,25.2569,115.2725,180,CRCW0603470RFKEA,0.41673209294816793,0.41673209294816793,0.41673209294816793,0.41673209294816793,0.41673209294816793,0.41673209294816793
R28,470R,TopLayer,FP-CRCW0603-e3-MFG,12.7495,115.2583,180,CRCW0603470RFKEA,0.027284998146008037,0.027284998146008037,0.027284998146008037,0.027284998146008037,0.027284998146008037,0.027284998146008037
R25,470R,TopLayer,FP-CRCW0603-e3-MFG,110.2764,17.6411,270,CRCW0603470RFKEA,0.07061492718572478,0.07061492718572478,0.07061492718572478,0.07061492718572478,0.07061492718572478,0.07061492718572478
R137,RC0603JR-070RL,TopLayer,RESC1608X55X25ML10T15,76.9620,17.5270,0,"Chip Resistor, 0 Ohm, +/- 5%, 0.1 W, -55 to 155 degC, 0603 (1608 Metric), RoHS, Tape and Reel",-0.030136560999882548,-0.030136560999882548,-0.030136560999882548,-0.030136560999882548,-0.030136560999882548,-0.030136560999882548
R138,120 Ohms,TopLayer,RES_0603_1608,79.0250,15.3750,270,RES 120 OHM 1% 1/10W 0603,0.060999408252726386,0.060999408252726386,0.060999408252726386,0.060999408252726386,0.060999408252726386,0.060999408252726386
R22,0R,TopLayer,RESC1608X55X25ML10T15,29.4738,124.7240,0,RC0603JR-070RL,-0.0489339548329452,-0.0489339548329452,-0.0489339548329452,-0.0489339548329452,-0.0489339548329452,-0.0489339548329452
R21,0R,TopLayer,RESC1608X55X25ML10T15,24.3562,125.1890,0,RC0603JR-070RL,0.18524372959593888,0.18524372959593888,0.18524372959593888,0.18524372959593888,0.18524372959593888,0.18524372959593888
R82,Resistor 0R +/- 5% 1206 250 mW,BottomLayer,RESC3216X60X45ML15T20,26.6954,78.5118,90,"Chip Resistor, 0 Ohm, +/- 5%, 0.25 W, -55 to 155 degC, 1206 (3216 Metric)",0.38620830695911135,0.38620830695911135,0.38620830695911135,0.38620830695911135,0.38620830695911135,0.38620830695911135
R81,Resistor 0R +/- 5% 1206 250 mW,BottomLayer,RESC3216X60X45ML15T20,26.6446,65.0169,90,"Chip Resistor, 0 Ohm, +/- 5%, 0.25 W, -55 to 155 degC, 1206 (3216 Metric)",0.3056758777486842,0.3056758777486842,0.3056758777486842,0.3056758777486842,0.3056758777486842,0.3056758777486842
R55,10 kOhms,TopLayer,RES_0603_1608,49.7840,44.6282,90,RES SMD 10K OHM 1% 1/8W 0603,0.1466667695488896,0.1466667695488896,0.1466667695488896,0.1466667695488896,0.1466667695488896,0.1466667695488896
R133,10 kOhms,TopLayer,RES_0603_1608,60.5590,18.8610,0,RES SMD 10K OHM 1% 1/8W 0603,0.11844715372848252,0.11844715372848252,0.11844715372848252,0.11844715372848252,0.11844715372848252,0.11844715372848252
R14,4.7k_603,TopLayer,RES_0603_1608,123.6980,29.3120,180,RES SMD 1K OHM 1% 1/10W 0603,0.032535863302260604,0.032535863302260604,0.032535863302260604,0.032535863302260604,0.032535863302260604,0.032535863302260604
R128,2 kOhms,TopLayer,RES_0603_1608,69.0730,29.6930,0,RES 2K OHM 1% 1/10W 0603,0.04419239017594992,0.04419239017594992,0.04419239017594992,0.04419239017594992,0.04419239017594992,0.04419239017594992
R11,ERJ-3EKF4701V,TopLayer,RESC1608X55X30NL15T15,102.2250,27.8500,90,"Precision Thick Film Chip Resistor, 4.7 KOhm, +/- 1%, -55 to 155 degC, 0603 (1608 Metric), RoHS, Tape and Reel",0.03783665378793352,0.03783665378793352,0.03783665378793352,0.03783665378793352,0.03783665378793352,0.03783665378793352
R126,1 kOhms,TopLayer,RES_0603_1608,57.7500,18.8610,0,RES SMD 1K OHM 1% 1/10W 0603,0.04828287264089103,0.04828287264089103,0.04828287264089103,0.04828287264089103,0.04828287264089103,0.04828287264089103
R10,10k_603,TopLayer,RES_0603_1608,12.1080,112.2190,180,RES SMD 10K OHM 1% 1/8W 0603,0.14219325073971242,0.14219325073971242,0.14219325073971242,0.14219325073971242,0.14219325073971242,0.14219325073971242
R124,1 kOhms,TopLayer,RES_0603_1608,62.1030,23.5970,90,RES SMD 1K OHM 1% 1/10W 0603,0.158276193267875,0.158276193267875,0.158276193267875,0.158276193267875,0.158276193267875,0.158276193267875
R122,1 kOhms,TopLayer,RES_0603_1608,63.6270,27.7880,0,RES SMD 1K OHM 1% 1/10W 0603,0.057033700232339286,0.057033700232339286,0.057033700232339286,0.057033700232339286,0.057033700232339286,0.057033700232339286
R121,22 Ohms,TopLayer,RES_0603_1608,75.4500,26.1521,0,RES 22 OHM 1% 1/10W 0603,0.07380749690047325,0.07380749690047325,0.07380749690047325,0.07380749690047325,0.07380749690047325,0.07380749690047325
R120,22 Ohms,TopLayer,RES_0603_1608,75.4500,24.5000,0,RES 22 OHM 1% 1/10W 0603,0.08554573303822485,0.08554573303822485,0.08554573303822485,0.08554573303822485,0.08554573303822485,0.08554573303822485
R119,120 Ohms,TopLayer,RES_0603_1608,81.1250,22.2500,90,RES 120 OHM 1% 1/10W 0603,0.16462128737770862,0.16462128737770862,0.16462128737770862,0.16462128737770862,0.16462128737770862,0.16462128737770862
R118,10 kOhms,TopLayer,RES_0603_1608,58.7250,27.6250,180,RES SMD 10K OHM 1% 1/8W 0603,0.13915443327171037,0.13915443327171037,0.13915443327171037,0.13915443327171037,0.13915443327171037,0.13915443327171037
R117,RC0603JR-070RL,TopLayer,RESC1608X55X25ML10T15,75.4000,31.0929,0,"Chip Resistor, 0 Ohm, +/- 5%, 0.1 W, -55 to 155 degC, 0603 (1608 Metric), RoHS, Tape and Reel",0.0684990243650654,0.0684990243650654,0.0684990243650654,0.0684990243650654,0.0684990243650654,0.0684990243650654
R116,RC0603JR-070RL,TopLayer,RESC1608X55X25ML10T15,75.4000,29.4936,0,"Chip Resistor, 0 Ohm, +/- 5%, 0.1 W, -55 to 155 degC, 0603 (1608 Metric), RoHS, Tape and Reel",-0.025119581907820925,-0.025119581907820925,-0.025119581907820925,-0.025119581907820925,-0.025119581907820925,-0.025119581907820925
R114,PRG21BB220MB1RK,TopLayer,FP-PR_21-0_2-t1_25-MFG,17.9500,25.9500,0,PTC RESET FUSE 20V 44MA 0805,0.158833217355368,0.158833217355368,0.158833217355368,0.158833217355368,0.158833217355368,0.158833217355368
R113,1.5k,TopLayer,RESC1608X55X30ML15T15,133.1558,118.3390,0,ERJ-3EKF1501V,0.07126873920145008,0.07126873920145008,0.07126873920145008,0.07126873920145008,0.07126873920145008,0.07126873920145008
R112,1.5k,TopLayer,RESC1608X55X30ML15T15,126.8216,118.3390,0,ERJ-3EKF1501V,0.44208548018039023,0.44208548018039023,0.44208548018039023,0.44208548018039023,0.44208548018039023,0.44208548018039023
R111,1.5k,TopLayer,RESC1608X55X30ML15T15,114.3600,117.9580,0,ERJ-3EKF1501V,0.07302691235143932,0.07302691235143932,0.07302691235143932,0.07302691235143932,0.07302691235143932,0.07302691235143932
R110,1.5k,TopLayer,RESC1608X55X30ML15T15,108.6048,117.9580,0,ERJ-3EKF1501V,0.044601553440800454,0.044601553440800454,0.044601553440800454,0.044601553440800454,0.044601553440800454,0.044601553440800454
R109,4.7k,TopLayer,RESC1608X55X30NL15T15,136.3308,121.2720,90,ERJ-3EKF4701V,0.09571266525285275,0.09571266525285275,0.09571266525285275,0.09571266525285275,0.09571266525285275,0.09571266525285275
R108,4.7k,TopLayer,RESC1608X55X30NL15T15,130.2506,121.2600,90,ERJ-3EKF4701V,0.06172167118597118,0.06172167118597118,0.06172167118597118,0.06172167118597118,0.06172167118597118,0.06172167118597118
R107,4.7k,TopLayer,RESC1608X55X30NL15T15,117.5028,121.2767,90,ERJ-3EKF4701V,0.03363992403097419,0.03363992403097419,0.03363992403097419,0.03363992403097419,0.03363992403097419,0.03363992403097419
R106,4.7k,TopLayer,RESC1608X55X30NL15T15,111.4718,121.2720,90,ERJ-3EKF4701V,0.033386062170574236,0.033386062170574236,0.033386062170574236,0.033386062170574236,0.033386062170574236,0.033386062170574236
R105,1.5k,TopLayer,RESC1608X55X30ML15T15,102.8434,118.2120,0,ERJ-3EKF1501V,0.01974062181811549,0.01974062181811549,0.01974062181811549,0.01974062181811549,0.01974062181811549,0.01974062181811549
R103,4.7k,TopLayer,RESC1608X55X30NL15T15,105.6824,121.2720,90,ERJ-3EKF4701V,0.0393529024101899,0.0393529024101899,0.0393529024101899,0.0393529024101899,0.0393529024101899,0.0393529024101899
R97,1.5k,TopLayer,RESC1608X55X30ML15T15,97.3111,118.0145,0,ERJ-3EKF1501V,0.3119304126024791,0.3119304126024791,0.3119304126024791,0.3119304126024791,0.3119304126024791,0.3119304126024791
R94,4.7k,TopLayer,RESC1608X55X30NL15T15,100.0708,121.1330,90,ERJ-3EKF4701V,0.06115629845102453,0.06115629845102453,0.06115629845102453,0.06115629845102453,0.06115629845102453,0.06115629845102453
R80,1.5k,TopLayer,RESC1608X55X30ML15T15,133.5698,97.7612,0,ERJ-3EKF1501V,0.15221683794627405,0.15221683794627405,0.15221683794627405,0.15221683794627405,0.15221683794627405,0.15221683794627405
R102,10k_603,TopLayer,RES_0603_1608,45.9994,87.8170,180,RES SMD 10K OHM 1% 1/10W 0603,0.0012749259000420057,0.0012749259000420057,0.0012749259000420057,0.0012749259000420057,0.0012749259000420057,0.0012749259000420057
R73,4.7k,TopLayer,RESC1608X55X30NL15T15,136.3308,100.7622,90,ERJ-3EKF4701V,0.06879142869800563,0.06879142869800563,0.06879142869800563,0.06879142869800563,0.06879142869800563,0.06879142869800563
R99,1 kOhms,TopLayer,RES_0603_1608,49.3014,88.3416,90,RES SMD 1K OHM 1% 1/10W 0603,0.10566537480634379,0.10566537480634379,0.10566537480634379,0.10566537480634379,0.10566537480634379,0.10566537480634379
R101,10k_603,TopLayer,RES_0603_1608,46.4566,69.7465,180,RES SMD 10K OHM 1% 1/10W 0603,0.000634722270050277,0.000634722270050277,0.000634722270050277,0.000634722270050277,0.000634722270050277,0.000634722270050277
R104,10k_603,TopLayer,RES_0603_1608,46.5836,49.7844,180,RES SMD 10K OHM 1% 1/10W 0603,0.0165872232366224,0.0165872232366224,0.0165872232366224,0.0165872232366224,0.0165872232366224,0.0165872232366224
R68,1.5k,TopLayer,RESC1608X55X30ML15T15,126.2216,97.9682,0,ERJ-3EKF1501V,0.13922651420429832,0.13922651420429832,0.13922651420429832,0.13922651420429832,0.13922651420429832,0.13922651420429832
R98,1 kOhms,TopLayer,RES_0603_1608,49.8856,70.5108,90,RES SMD 1K OHM 1% 1/10W 0603,0.19070252122754155,0.19070252122754155,0.19070252122754155,0.19070252122754155,0.19070252122754155,0.19070252122754155
R100,1 kOhms,TopLayer,RES_0603_1608,49.9670,50.8154,90,RES SMD 1K OHM 1% 1/10W 0603,0.14614903500718776,0.14614903500718776,0.14614903500718776,0.14614903500718776,0.14614903500718776,0.14614903500718776
R62,4.7k,TopLayer,RESC1608X55X30NL15T15,129.6506,100.7742,90,ERJ-3EKF4701V,0.05621756024479804,0.05621756024479804,0.05621756024479804,0.05621756024479804,0.05621756024479804,0.05621756024479804
R56,1.5k,TopLayer,RESC1608X55X30ML15T15,119.2209,97.7466,0,ERJ-3EKF1501V,0.125417520719888,0.125417520719888,0.125417520719888,0.125417520719888,0.125417520719888,0.125417520719888
R67,10k_603,TopLayer,RES_0603_1608,46.4820,32.2948,180,RES SMD 10K OHM 1% 1/10W 0603,0.0006212761906268569,0.0006212761906268569,0.0006212761906268569,0.0006212761906268569,0.0006212761906268569,0.0006212761906268569
R54,4.7k,TopLayer,RESC1608X55X30NL15T15,122.5640,100.7742,90,ERJ-3EKF4701V,0.09018009999987553,0.09018009999987553,0.09018009999987553,0.09018009999987553,0.09018009999987553,0.09018009999987553
R61,1 kOhms,TopLayer,RES_0603_1608,49.9110,32.8948,90,RES SMD 1K OHM 1% 1/10W 0603,0.08946329551517615,0.08946329551517615,0.08946329551517615,0.08946329551517615,0.08946329551517615,0.08946329551517615
R72,10K,TopLayer,RESC1609X50X30NL8T20,85.1469,107.6008,0,CRCW060310K0FKEA,0.1503755294518747,0.1503755294518747,0.1503755294518747,0.1503755294518747,0.1503755294518747,0.1503755294518747
R71,10K,TopLayer,RESC1609X50X30NL8T20,73.1829,109.0369,0,CRCW060310K0FKEA,0.22014053323177202,0.22014053323177202,0.22014053323177202,0.22014053323177202,0.22014053323177202,0.22014053323177202
R70,10K,TopLayer,RESC1609X50X30NL8T20,61.5442,108.8654,0,CRCW060310K0FKEA,0.27725002087933187,0.27725002087933187,0.27725002087933187,0.27725002087933187,0.27725002087933187,0.27725002087933187
R69,10K,TopLayer,RESC1609X50X30NL8T20,49.9110,108.8400,0,CRCW060310K0FKEA,0.23624787116449678,0.23624787116449678,0.23624787116449678,0.23624787116449678,0.23624787116449678,0.23624787116449678
R49,1.5k,TopLayer,RESC1608X55X30ML15T15,111.7298,97.9682,0,ERJ-3EKF1501V,0.1295053198782052,0.1295053198782052,0.1295053198782052,0.1295053198782052,0.1295053198782052,0.1295053198782052
R66,470R,TopLayer,FP-CRCW0603-e3-MFG,88.7476,108.0988,90,CRCW0603470RFKEA,0.3431703625335895,0.3431703625335895,0.3431703625335895,0.3431703625335895,0.3431703625335895,0.3431703625335895
R65,470R,TopLayer,FP-CRCW0603-e3-MFG,76.5810,109.4870,90,CRCW0603470RFKEA,0.3801856878234794,0.3801856878234794,0.3801856878234794,0.3801856878234794,0.3801856878234794,0.3801856878234794
R64,470R,TopLayer,FP-CRCW0603-e3-MFG,65.1510,109.8560,90,CRCW0603470RFKEA,0.28838206157487745,0.28838206157487745,0.28838206157487745,0.28838206157487745,0.28838206157487745,0.28838206157487745
R63,470R,TopLayer,FP-CRCW0603-e3-MFG,53.4670,110.2490,90,CRCW0603470RFKEA,0.1735172586546007,0.1735172586546007,0.1735172586546007,0.1735172586546007,0.1735172586546007,0.1735172586546007
R44,4.7k,TopLayer,RESC1608X55X30NL15T15,115.1218,101.0282,90,ERJ-3EKF4701V,0.0832401159900201,0.0832401159900201,0.0832401159900201,0.0832401159900201,0.0832401159900201,0.0832401159900201
R60,Resistor 0R +/- 5% 0805 125 mW,TopLayer,RESC2013X60X35ML10T20,83.5381,125.7161,180,"Chip Resistor, 0 Ohm, 0.125 W, -55 to 155 degC, 0805 (2012 Metric)",0.14873120022876787,0.14873120022876787,0.14873120022876787,0.14873120022876787,0.14873120022876787,0.14873120022876787
R59,Resistor 0R +/- 5% 0805 125 mW,TopLayer,RESC2013X60X35ML10T20,71.4285,127.1043,180,"Chip Resistor, 0 Ohm, 0.125 W, -55 to 155 degC, 0805 (2012 Metric)",0.1778274945722244,0.1778274945722244,0.1778274945722244,0.1778274945722244,0.1778274945722244,0.1778274945722244
R58,Resistor 0R +/- 5% 0805 125 mW,TopLayer,RESC2013X60X35ML10T20,58.5500,127.1000,180,"Chip Resistor, 0 Ohm, 0.125 W, -55 to 155 degC, 0805 (2012 Metric)",0.07461098475290223,0.07461098475290223,0.07461098475290223,0.07461098475290223,0.07461098475290223,0.07461098475290223
R57,Resistor 0R +/- 5% 0805 125 mW,TopLayer,RESC2013X60X35ML10T20,50.2666,127.4582,0,"Chip Resistor, 0 Ohm, 0.125 W, -55 to 155 degC, 0805 (2012 Metric)",0.2165156861606366,0.2165156861606366,0.2165156861606366,0.2165156861606366,0.2165156861606366,0.2165156861606366
R39,1.5k,TopLayer,RESC1608X55X30ML15T15,104.7409,97.8345,0,ERJ-3EKF1501V,0.11914033404627872,0.11914033404627872,0.11914033404627872,0.11914033404627872,0.11914033404627872,0.11914033404627872
R52,10K,TopLayer,RESC1609X50X30NL8T20,83.8835,86.0012,0,CRCW060310K0FKEA,0.2783972369575426,0.2783972369575426,0.2783972369575426,0.2783972369575426,0.2783972369575426,0.2783972369575426
R51,10K,TopLayer,RESC1609X50X30NL8T20,71.5010,86.2840,0,CRCW060310K0FKEA,0.27010465744363665,0.27010465744363665,0.27010465744363665,0.27010465744363665,0.27010465744363665,0.27010465744363665
R50,10K,TopLayer,RESC1609X50X30NL8T20,59.4553,86.1664,0,CRCW060310K0FKEA,0.3142826824388458,0.3142826824388458,0.3142826824388458,0.3142826824388458,0.3142826824388458,0.3142826824388458
R35,10K,TopLayer,RESC1609X50X30NL8T20,128.1968,17.6280,270,CRCW060310K0FKEA,0.16998248110607939,0.16998248110607939,0.16998248110607939,0.16998248110607939,0.16998248110607939,0.16998248110607939
R33,10K,TopLayer,RESC1609X50X30NL8T20,115.3978,17.6280,270,CRCW060310K0FKEA,0.049359423909397536,0.049359423909397536,0.049359423909397536,0.049359423909397536,0.049359423909397536,0.049359423909397536
R20,0R,TopLayer,RESC1608X55X25ML10T15,14.1000,127.0750,0,RC0603JR-070RL,0.3661689322859407,0.3661689322859407,0.3661689322859407,0.3661689322859407,0.3661689322859407,0.3661689322859407
R34,4.7k,TopLayer,RESC1608X55X30NL15T15,107.8574,100.9012,90,ERJ-3EKF4701V,0.09709260696216702,0.09709260696216702,0.09709260696216702,0.09709260696216702,0.09709260696216702,0.09709260696216702
R31,10K,TopLayer,RESC1609X50X30NL8T20,100.7284,17.8820,270,CRCW060310K0FKEA,0.22511062705758142,0.22511062705758142,0.22511062705758142,0.22511062705758142,0.22511062705758142,0.22511062705758142
R47,470R,TopLayer,FP-CRCW0603-e3-MFG,87.2744,87.5420,90,CRCW0603470RFKEA,-0.006537296699241948,-0.006537296699241948,-0.006537296699241948,-0.006537296699241948,-0.006537296699241948,-0.006537296699241948
R46,470R,TopLayer,FP-CRCW0603-e3-MFG,74.9300,87.6690,90,CRCW0603470RFKEA,0.12122247752715223,0.12122247752715223,0.12122247752715223,0.12122247752715223,0.12122247752715223,0.12122247752715223
R45,470R,TopLayer,FP-CRCW0603-e3-MFG,63.2460,86.7920,90,CRCW0603470RFKEA,0.2983515869840787,0.2983515869840787,0.2983515869840787,0.2983515869840787,0.2983515869840787,0.2983515869840787
R27,470R,TopLayer,FP-CRCW0603-e3-MFG,130.0091,17.6280,270,CRCW0603470RFKEA,0.09186306842811362,0.09186306842811362,0.09186306842811362,0.09186306842811362,0.09186306842811362,0.09186306842811362
R26,470R,TopLayer,FP-CRCW0603-e3-MFG,117.4446,17.6280,270,CRCW0603470RFKEA,0.05977783464063505,0.05977783464063505,0.05977783464063505,0.05977783464063505,0.05977783464063505,0.05977783464063505
R17,0R_603,TopLayer,RESC1608X55X25ML10T15,109.8250,11.6500,270,RC0603JR-070RL,0.1652622267203476,0.1652622267203476,0.1652622267203476,0.1652622267203476,0.1652622267203476,0.1652622267203476
R24,470R,TopLayer,FP-CRCW0603-e3-MFG,103.0750,17.9000,270,CRCW0603470RFKEA,0.0938669894135155,0.0938669894135155,0.0938669894135155,0.0938669894135155,0.0938669894135155,0.0938669894135155
R23,1.5k,TopLayer,RESC1608X55X30ML15T15,97.3418,97.7142,0,ERJ-3EKF1501V,0.3888050158696804,0.3888050158696804,0.3888050158696804,0.3888050158696804,0.3888050158696804,0.3888050158696804
R42,Resistor 0R +/- 5% 0805 125 mW,TopLayer,RESC2013X60X35ML10T20,82.4230,104.3020,180,"Chip Resistor, 0 Ohm, 0.125 W, -55 to 155 degC, 0805 (2012 Metric)",0.2837741063162815,0.2837741063162815,0.2837741063162815,0.2837741063162815,0.2837741063162815,0.2837741063162815
R41,Resistor 0R +/- 5% 0805 125 mW,TopLayer,RESC2013X60X35ML10T20,70.3142,104.3020,180,"Chip Resistor, 0 Ohm, 0.125 W, -55 to 155 degC, 0805 (2012 Metric)",0.2709894547771502,0.2709894547771502,0.2709894547771502,0.2709894547771502,0.2709894547771502,0.2709894547771502
R19,0R_603,TopLayer,RESC1608X55X25ML10T15,124.4000,11.6500,270,RC0603JR-070RL,0.455727350362304,0.455727350362304,0.455727350362304,0.455727350362304,0.455727350362304,0.455727350362304
R18,0R_603,TopLayer,RESC1608X55X25ML10T15,116.9000,11.6500,270,RC0603JR-070RL,0.0661133979267002,0.0661133979267002,0.0661133979267002,0.0661133979267002,0.0661133979267002,0.0661133979267002
R12,22 Ohms,TopLayer,RES_0603_1608,133.9850,72.8730,180,RES 22 OHM 1% 1/10W 0603,0.22798016818114553,0.22798016818114553,0.22798016818114553,0.22798016818114553,0.22798016818114553,0.22798016818114553
R15,0R_603,TopLayer,RESC1608X55X25ML10T15,103.1500,11.6500,270,RC0603JR-070RL,0.19276288899754176,0.19276288899754176,0.19276288899754176,0.19276288899754176,0.19276288899754176,0.19276288899754176
R16,4.7k,TopLayer,RESC1608X55X30NL15T15,100.7708,100.7742,90,ERJ-3EKF4701V,0.08723816697722074,0.08723816697722074,0.08723816697722074,0.08723816697722074,0.08723816697722074,0.08723816697722074
R9,22 Ohms,TopLayer,RES_0603_1608,133.9850,70.3330,180,RES 22 OHM 1% 1/10W 0603,0.24394549634035562,0.24394549634035562,0.24394549634035562,0.24394549634035562,0.24394549634035562,0.24394549634035562
R8,22 Ohms,TopLayer,RES_0603_1608,133.9850,65.1260,180,RES 22 OHM 1% 1/10W 0603,0.3601615887683151,0.3601615887683151,0.3601615887683151,0.3601615887683151,0.3601615887683151,0.3601615887683151
R7,22 Ohms,TopLayer,RES_0603_1608,134.1270,59.7920,180,RES 22 OHM 1% 1/10W 0603,0.28845140207947895,0.28845140207947895,0.28845140207947895,0.28845140207947895,0.28845140207947895,0.28845140207947895
R5,10 kOhms,TopLayer,RES_0603_1608,89.1545,52.1149,90,RES SMD 10K OHM 1% 1/8W 0603,0.03324677921366159,0.03324677921366159,0.03324677921366159,0.03324677921366159,0.03324677921366159,0.03324677921366159
R3,1 kOhms,TopLayer,RES_0603_1608,105.5750,55.6500,90,RES SMD 1K OHM 1% 1/10W 0603,0.10868353385160989,0.10868353385160989,0.10868353385160989,0.10868353385160989,0.10868353385160989,0.10868353385160989
R4,0 Ohms,TopLayer,RES_0603_1608,83.9470,51.0290,90,RES 0 OHM JUMPER 1/10W 0603,0.2544226146750307,0.2544226146750307,0.2544226146750307,0.2544226146750307,0.2544226146750307,0.2544226146750307
R1,10 kOhms,TopLayer,RES_0603_1608,103.6000,55.6250,90,RES SMD 10K OHM 1% 1/8W 0603,0.11265309926224382,0.11265309926224382,0.11265309926224382,0.11265309926224382,0.11265309926224382,0.11265309926224382
Q20,2N7002,TopLayer,INF-PG-SOT23_M,59.1750,24.6750,90,"N-Channel OptiMOS Small-Signal-Transistor, 60 V VDS, 0.3 A ID, -55 to 150 degC, PG-SOT23, Reel, Green",0.17037001902446613,0.17037001902446613,0.17037001902446613,0.17037001902446613,0.17037001902446613,0.17037001902446613
Q11,2N7002,TopLayer,INF-PG-SOT23_M,35.6630,121.6410,180,"N-Channel OptiMOS Small-Signal-Transistor, 60 V VDS, 0.3 A ID, -55 to 150 degC, PG-SOT23, Reel, Green",0.08403626563865088,0.08403626563865088,0.08403626563865088,0.08403626563865088,0.08403626563865088,0.08403626563865088
Q7,2N7002,TopLayer,INF-PG-SOT23_M,29.8888,121.6410,180,"N-Channel OptiMOS Small-Signal-Transistor, 60 V VDS, 0.3 A ID, -55 to 150 degC, PG-SOT23, Reel, Green",0.033596763578375224,0.033596763578375224,0.033596763578375224,0.033596763578375224,0.033596763578375224,0.033596763578375224
Q6,2N7002,TopLayer,INF-PG-SOT23_M,24.2292,122.1410,180,"N-Channel OptiMOS Small-Signal-Transistor, 60 V VDS, 0.3 A ID, -55 to 150 degC, PG-SOT23, Reel, Green",0.18243731089267945,0.18243731089267945,0.18243731089267945,0.18243731089267945,0.18243731089267945,0.18243731089267945
Q5,2N7002,TopLayer,INF-PG-SOT23_M,11.6580,121.8950,180,"N-Channel OptiMOS Small-Signal-Transistor, 60 V VDS, 0.3 A ID, -55 to 150 degC, PG-SOT23, Reel, Green",0.039070428363920634,0.039070428363920634,0.039070428363920634,0.039070428363920634,0.039070428363920634,0.039070428363920634
Q18,2N7002,TopLayer,INF-PG-SOT23_M,45.9994,92.6026,90,"N-Channel OptiMOS Small-Signal-Transistor, 60 V VDS, 0.3 A ID, -55 to 150 degC, PG-SOT23, Reel, Green",0.005354868417827397,0.005354868417827397,0.005354868417827397,0.005354868417827397,0.005354868417827397,0.005354868417827397
Q17,2N7002,TopLayer,INF-PG-SOT23_M,46.4566,74.2638,90,"N-Channel OptiMOS Small-Signal-Transistor, 60 V VDS, 0.3 A ID, -55 to 150 degC, PG-SOT23, Reel, Green",0.07472381883594728,0.07472381883594728,0.07472381883594728,0.07472381883594728,0.07472381883594728,0.07472381883594728
Q19,2N7002,TopLayer,INF-PG-SOT23_M,46.5380,54.7374,90,"N-Channel OptiMOS Small-Signal-Transistor, 60 V VDS, 0.3 A ID, -55 to 150 degC, PG-SOT23, Reel, Green",0.11320831940434542,0.11320831940434542,0.11320831940434542,0.11320831940434542,0.11320831940434542,0.11320831940434542
Q12,2N7002,TopLayer,INF-PG-SOT23_M,46.4820,36.6780,90,"N-Channel OptiMOS Small-Signal-Transistor, 60 V VDS, 0.3 A ID, -55 to 150 degC, PG-SOT23, Reel, Green",0.17084810617347732,0.17084810617347732,0.17084810617347732,0.17084810617347732,0.17084810617347732,0.17084810617347732
Q16,IRLR024NTRPBF,TopLayer,FP-PG-TO252-3-MFG,85.6996,116.7018,0,MOSFET N-CH 55V 17A DPAK,0.14849015652566722,0.14849015652566722,0.14849015652566722,0.14849015652566722,0.14849015652566722,0.14849015652566722
Q15,IRLR024NTRPBF,TopLayer,FP-PG-TO252-3-MFG,73.6600,117.9630,0,MOSFET N-CH 55V 17A DPAK,0.19617601892431852,0.19617601892431852,0.19617601892431852,0.19617601892431852,0.19617601892431852,0.19617601892431852
Q14,IRLR024NTRPBF,TopLayer,FP-PG-TO252-3-MFG,61.7220,117.8360,0,MOSFET N-CH 55V 17A DPAK,0.23848206340188016,0.23848206340188016,0.23848206340188016,0.23848206340188016,0.23848206340188016,0.23848206340188016
Q13,IRLR024NTRPBF,TopLayer,FP-PG-TO252-3-MFG,50.2920,117.8360,0,MOSFET N-CH 55V 17A DPAK,0.30356833555701224,0.30356833555701224,0.30356833555701224,0.30356833555701224,0.30356833555701224,0.30356833555701224
Q10,IRLR024NTRPBF,TopLayer,FP-PG-TO252-3-MFG,84.4550,95.2800,0,MOSFET N-CH 55V 17A DPAK,0.1069582745510108,0.1069582745510108,0.1069582745510108,0.1069582745510108,0.1069582745510108,0.1069582745510108
Q9,IRLR024NTRPBF,TopLayer,FP-PG-TO252-3-MFG,72.3900,95.1530,0,MOSFET N-CH 55V 17A DPAK,0.15854879021936405,0.15854879021936405,0.15854879021936405,0.15854879021936405,0.15854879021936405,0.15854879021936405
Q8,IRLR024NTRPBF,TopLayer,FP-PG-TO252-3-MFG,60.4520,95.0260,0,MOSFET N-CH 55V 17A DPAK,0.17432137904132694,0.17432137904132694,0.17432137904132694,0.17432137904132694,0.17432137904132694,0.17432137904132694
Q4,2N7002,TopLayer,INF-PG-SOT23_M,127.1808,13.5640,270,"N-Channel OptiMOS Small-Signal-Transistor, 60 V VDS, 0.3 A ID, -55 to 150 degC, PG-SOT23, Reel, Green",0.25412290279667543,0.25412290279667543,0.25412290279667543,0.25412290279667543,0.25412290279667543,0.25412290279667543
Q3,2N7002,TopLayer,INF-PG-SOT23_M,114.1278,13.5640,270,"N-Channel OptiMOS Small-Signal-Transistor, 60 V VDS, 0.3 A ID, -55 to 150 degC, PG-SOT23, Reel, Green",0.05825416139361966,0.05825416139361966,0.05825416139361966,0.05825416139361966,0.05825416139361966,0.05825416139361966
Q2,2N7002,TopLayer,INF-PG-SOT23_M,106.9308,13.5640,270,"N-Channel OptiMOS Small-Signal-Transistor, 60 V VDS, 0.3 A ID, -55 to 150 degC, PG-SOT23, Reel, Green",0.10217582092370438,0.10217582092370438,0.10217582092370438,0.10217582092370438,0.10217582092370438,0.10217582092370438
Q1,2N7002,TopLayer,INF-PG-SOT23_M,100.3728,13.4370,270,"N-Channel OptiMOS Small-Signal-Transistor, 60 V VDS, 0.3 A ID, -55 to 150 degC, PG-SOT23, Reel, Green",0.11896144708551823,0.11896144708551823,0.11896144708551823,0.11896144708551823,0.11896144708551823,0.11896144708551823
P8,2EDGR-5.08-03P-14-00AH,TopLayer,691311500103,5.1934,95.9616,90,"Serie 311 - 5.08mm Close Vertical PCB Header WR-TBL, 3 pin",0.19897958289273793,0.19897958289273793,0.19897958289273793,0.19897958289273793,0.19897958289273793,0.19897958289273793
P9,L-KLS1-XM1-3.00-2X06-R,TopLayer,66201221022,84.9690,134.0500,180,"THT Male Header WR-MPC3, with Snap-in Plastic Pegs, Right Angled, Dual Row, pitch 3 mm, 12 pins",0.16152855658098042,0.16152855658098042,0.16152855658098042,0.16152855658098042,0.16152855658098042,0.16152855658098042
P7,L-KLS1-XM1-3.00-2X06-R,TopLayer,66201221022,56.7760,134.0500,180,"THT Male Header WR-MPC3, with Snap-in Plastic Pegs, Right Angled, Dual Row, pitch 3 mm, 12 pins",0.13647191851111024,0.13647191851111024,0.13647191851111024,0.13647191851111024,0.13647191851111024,0.13647191851111024
P6,2EDGR-5.08-03P-14-00AH,TopLayer,691311500103,5.1934,77.5748,90,"Serie 311 - 5.08mm Close Vertical PCB Header WR-TBL, 3 pin",0.18430205689364737,0.18430205689364737,0.18430205689364737,0.18430205689364737,0.18430205689364737,0.18430205689364737
P5,2EDGR-5.08-03P-14-00AH,TopLayer,691311500103,5.1934,59.2614,90,"Serie 311 - 5.08mm Close Vertical PCB Header WR-TBL, 3 pin",0.21665289908396376,0.21665289908396376,0.21665289908396376,0.21665289908396376,0.21665289908396376,0.21665289908396376
P4,L-KLS1-XM1-3.00-2X06-R,TopLayer,66201221022,115.3160,134.0500,180,"THT Male Header WR-MPC3, with Snap-in Plastic Pegs, Right Angled, Dual Row, pitch 3 mm, 12 pins",0.12361805703120729,0.12361805703120729,0.12361805703120729,0.12361805703120729,0.12361805703120729,0.12361805703120729
P3,L-KLS1-XM1-3.00-2X06-R,TopLayer,66201221022,28.6900,134.0500,180,"THT Male Header WR-MPC3, with Snap-in Plastic Pegs, Right Angled, Dual Row, pitch 3 mm, 12 pins",0.13906325450733448,0.13906325450733448,0.13906325450733448,0.13906325450733448,0.13906325450733448,0.13906325450733448
P2,2EDGR-5.08-03P-14-00AH,TopLayer,691311500103,5.1934,39.1700,90,"Serie 311 - 5.08mm Close Vertical PCB Header WR-TBL, 3 pin",0.2174792970073496,0.2174792970073496,0.2174792970073496,0.2174792970073496,0.2174792970073496,0.2174792970073496
P1,61300611121,TopLayer,61300611121,138.0490,66.5230,90,"THT Vertical Pin Header WR-PHD, Pitch 2.54 mm, Single Row, 6 pins",0.600510792603561,0.600510792603561,0.600510792603561,0.600510792603561,0.600510792603561,0.600510792603561
LED7,150080GS75000,TopLayer,0805_A,49.9670,59.4364,90,"SMD mono-color Chip LED, WL-SMCW, Green",0.0858344556872208,0.0858344556872208,0.0858344556872208,0.0858344556872208,0.0858344556872208,0.0858344556872208
LED6,150080GS75000,TopLayer,0805_A,49.4284,96.8166,90,"SMD mono-color Chip LED, WL-SMCW, Green",0.20649758647191063,0.20649758647191063,0.20649758647191063,0.20649758647191063,0.20649758647191063,0.20649758647191063
LED5,150080GS75000,TopLayer,0805_A,49.7586,78.6048,90,"SMD mono-color Chip LED, WL-SMCW, Green",0.1609693032715506,0.1609693032715506,0.1609693032715506,0.1609693032715506,0.1609693032715506,0.1609693032715506
LED4,150080GS75000,TopLayer,0805_A,49.7840,40.7674,90,"SMD mono-color Chip LED, WL-SMCW, Green",0.1369042432068644,0.1369042432068644,0.1369042432068644,0.1369042432068644,0.1369042432068644,0.1369042432068644
LED3,150080GS75000,TopLayer,0805_A,119.4730,29.3120,0,"SMD mono-color Chip LED, WL-SMCW, Green",0.2765988393241357,0.2765988393241357,0.2765988393241357,0.2765988393241357,0.2765988393241357,0.2765988393241357
LED2,150080GS75000,TopLayer,0805_A,101.0500,25.2750,0,"SMD mono-color Chip LED, WL-SMCW, Green",0.23029689876255355,0.23029689876255355,0.23029689876255355,0.23029689876255355,0.23029689876255355,0.23029689876255355
LED1,150080GS75000,TopLayer,0805_A,16.4110,112.2190,180,"SMD mono-color Chip LED, WL-SMCW, Green",0.11429179840402207,0.11429179840402207,0.11429179840402207,0.11429179840402207,0.11429179840402207,0.11429179840402207
L1,744771147,TopLayer,WE-PD-L,92.7360,34.7730,90,"SMD-Shielded Power Inductor WE-PD, L = 47.0 µH",0.22170972414469756,0.22170972414469756,0.22170972414469756,0.22170972414469756,0.22170972414469756,0.22170972414469756
K4,RZL1- 1C4-L012-R,TopLayer,FP-G2RL-1-HA_DC12-MFG,29.0520,96.3426,180,LOW PROFILE POWER RELAY WITH 15.,0.2665344686750783,0.2665344686750783,0.2665344686750783,0.2665344686750783,0.2665344686750783,0.2665344686750783
K2,RZL1- 1C4-L012-R,TopLayer,FP-G2RL-1-HA_DC12-MFG,29.0520,58.8014,180,LOW PROFILE POWER RELAY WITH 15.,0.31582323707382876,0.31582323707382876,0.31582323707382876,0.31582323707382876,0.31582323707382876,0.31582323707382876
K3,RZL1- 1C4-L012-R,TopLayer,FP-G2RL-1-HA_DC12-MFG,29.0520,77.8768,180,LOW PROFILE POWER RELAY WITH 15.,0.27959397647217843,0.27959397647217843,0.27959397647217843,0.27959397647217843,0.27959397647217843,0.27959397647217843
K1,RZL1- 1C4-L012-R,TopLayer,FP-G2RL-1-HA_DC12-MFG,29.0520,39.7260,180,LOW PROFILE POWER RELAY WITH 15.,0.24385271285849153,0.24385271285849153,0.24385271285849153,0.24385271285849153,0.24385271285849153,0.24385271285849153
J6,61303221021,TopLayer,61303221021,137.0330,32.6140,90,"THT Angled Pin Header WR-PHD, Pitch 2.54 mm, Dual Row, 32 pins",0.3688612726090717,0.3688612726090717,0.3688612726090717,0.3688612726090717,0.3688612726090717,0.3688612726090717
J2,+3.3V_MCU,TopLayer,EDAC_690-005-299-043,4.4474,21.1840,270,"USB - mini B USB 2.0 Receptacle Connector 5 Position Surface Mount, Right Angle",0.23975718098574428,0.23975718098574428,0.23975718098574428,0.23975718098574428,0.23975718098574428,0.23975718098574428
J1,TSW-102-07-G-S,TopLayer,FP-TSW-102-07-G-S-MFG,86.6250,51.2500,90,CONN HEADER VERT 2POS 2.54MM,0.1818919556449111,0.1818919556449111,0.1818919556449111,0.1818919556449111,0.1818919556449111,0.1818919556449111
U7,USB6B1RL,TopLayer,SOIC127P600X175-8N,25.0500,21.3500,0,Integrated Circuit,0.2861971166524393,0.2861971166524393,0.2861971166524393,0.2861971166524393,0.2861971166524393,0.2861971166524393
U6,AP1509-50SG-13,TopLayer,SOIC127P600X175-8N,109.4740,35.9160,0,Integrated Circuit,0.1413220849022906,0.1413220849022906,0.1413220849022906,0.1413220849022906,0.1413220849022906,0.1413220849022906
FB4,600 Ohms @ 100MHz,TopLayer,FER_0603_1608,66.4210,15.3680,270,FERRITE BEAD 600 OHM 0603 1LN,0.03212153127469973,0.03212153127469973,0.03212153127469973,0.03212153127469973,0.03212153127469973,0.03212153127469973
FB3,LCB1608-601Y-N,TopLayer,FER_0603_1608,21.4720,25.4108,0,FERRITE BEAD 600 OHM 0603 1LN,0.08431238487839128,0.08431238487839128,0.08431238487839128,0.08431238487839128,0.08431238487839128,0.08431238487839128
FB2,LCB1608-601Y-N,TopLayer,FER_0603_1608,131.0500,35.2750,270,FERRITE BEAD 600 OHM 0603 1LN,0.2606118149042638,0.2606118149042638,0.2606118149042638,0.2606118149042638,0.2606118149042638,0.2606118149042638
FB1,LCB1608-601Y-N,TopLayer,FER_0603_1608,96.2380,75.7034,270,FERRITE BEAD 600 OHM 0603 1LN,0.20773770653875095,0.20773770653875095,0.20773770653875095,0.20773770653875095,0.20773770653875095,0.20773770653875095
D37,SMAJ12CA-TR,TopLayer,FP-SMA-CA-MFG,135.5852,126.8226,90,TVS DIODE 12V 25.3V SMA,0.13362231432726257,0.13362231432726257,0.13362231432726257,0.13362231432726257,0.13362231432726257,0.13362231432726257
D35,SMAJ12CA-TR,TopLayer,FP-SMA-CA-MFG,116.1365,126.8226,90,TVS DIODE 12V 25.3V SMA,0.1071241424531442,0.1071241424531442,0.1071241424531442,0.1071241424531442,0.1071241424531442,0.1071241424531442
D34,SMAJ12CA-TR,TopLayer,FP-SMA-CA-MFG,110.2738,126.8226,90,TVS DIODE 12V 25.3V SMA,0.11569829140610832,0.11569829140610832,0.11569829140610832,0.11569829140610832,0.11569829140610832,0.11569829140610832
D33,MMSZ5226BT1G,TopLayer,ONSC-SOD-123-2-425-04_V,136.2038,117.0690,270,"Zener Voltage Regulator, 500 mW, 2-Pin SOD-123, Pb-Free, Tape and Reel",0.22096265481098765,0.22096265481098765,0.22096265481098765,0.22096265481098765,0.22096265481098765,0.22096265481098765
D32,MMSZ5226BT1G,TopLayer,ONSC-SOD-123-2-425-04_V,129.9622,116.9674,270,"Zener Voltage Regulator, 500 mW, 2-Pin SOD-123, Pb-Free, Tape and Reel",0.28019855406500915,0.28019855406500915,0.28019855406500915,0.28019855406500915,0.28019855406500915,0.28019855406500915
D31,MMSZ5226BT1G,TopLayer,ONSC-SOD-123-2-425-04_V,117.5028,117.1990,270,"Zener Voltage Regulator, 500 mW, 2-Pin SOD-123, Pb-Free, Tape and Reel",0.110715582493224,0.110715582493224,0.110715582493224,0.110715582493224,0.110715582493224,0.110715582493224
D30,MMSZ5226BT1G,TopLayer,ONSC-SOD-123-2-425-04_V,111.3448,116.9420,270,"Zener Voltage Regulator, 500 mW, 2-Pin SOD-123, Pb-Free, Tape and Reel",0.11866139482595148,0.11866139482595148,0.11866139482595148,0.11866139482595148,0.11866139482595148,0.11866139482595148
D29,SMAJ12CA-TR,TopLayer,FP-SMA-CA-MFG,103.8266,126.8226,90,TVS DIODE 12V 25.3V SMA,0.12300237415052538,0.12300237415052538,0.12300237415052538,0.12300237415052538,0.12300237415052538,0.12300237415052538
D28,MMSZ5226BT1G,TopLayer,ONSC-SOD-123-2-425-04_V,105.5554,117.0690,270,"Zener Voltage Regulator, 500 mW, 2-Pin SOD-123, Pb-Free, Tape and Reel",0.10829642862850046,0.10829642862850046,0.10829642862850046,0.10829642862850046,0.10829642862850046,0.10829642862850046
D27,SMAJ12CA-TR,TopLayer,FP-SMA-CA-MFG,97.8531,126.8226,90,TVS DIODE 12V 25.3V SMA,0.20578757144834706,0.20578757144834706,0.20578757144834706,0.20578757144834706,0.20578757144834706,0.20578757144834706
D26,MMSZ5226BT1G,TopLayer,ONSC-SOD-123-2-425-04_V,99.9438,117.0690,270,"Zener Voltage Regulator, 500 mW, 2-Pin SOD-123, Pb-Free, Tape and Reel",0.21544021214311418,0.21544021214311418,0.21544021214311418,0.21544021214311418,0.21544021214311418,0.21544021214311418
D39,CDSOT23-SM712,TopLayer,FP-SOT23-MFG,82.7000,10.7750,270,TVS DIODE 7V/12V 14V/26V SOT23-3,0.17543681816127493,0.17543681816127493,0.17543681816127493,0.17543681816127493,0.17543681816127493,0.17543681816127493
D38,CDSOT23-SM712,TopLayer,FP-SOT23-MFG,93.8500,11.0500,90,TVS DIODE 7V/12V 14V/26V SOT23-3,0.16035996401252514,0.16035996401252514,0.16035996401252514,0.16035996401252514,0.16035996401252514,0.16035996401252514
D22,SMAJ12CA-TR,TopLayer,FP-SMA-CA-MFG,135.5852,106.1470,90,TVS DIODE 12V 25.3V SMA,0.2734846793745243,0.2734846793745243,0.2734846793745243,0.2734846793745243,0.2734846793745243,0.2734846793745243
D21,MMSZ5226BT1G,TopLayer,ONSC-SOD-123-2-425-04_V,136.3308,96.2208,270,"Zener Voltage Regulator, 500 mW, 2-Pin SOD-123, Pb-Free, Tape and Reel",0.29603447935468624,0.29603447935468624,0.29603447935468624,0.29603447935468624,0.29603447935468624,0.29603447935468624
D20,SMAJ12CA-TR,TopLayer,FP-SMA-CA-MFG,128.3208,106.1470,90,TVS DIODE 12V 25.3V SMA,0.24253276588226952,0.24253276588226952,0.24253276588226952,0.24253276588226952,0.24253276588226952,0.24253276588226952
D19,MMSZ5226BT1G,TopLayer,ONSC-SOD-123-2-425-04_V,129.3622,96.2208,270,"Zener Voltage Regulator, 500 mW, 2-Pin SOD-123, Pb-Free, Tape and Reel",0.26201170392986206,0.26201170392986206,0.26201170392986206,0.26201170392986206,0.26201170392986206,0.26201170392986206
D14,SMAJ12CA-TR,TopLayer,FP-SMA-CA-MFG,121.8946,106.1470,90,TVS DIODE 12V 25.3V SMA,0.217728260470365,0.217728260470365,0.217728260470365,0.217728260470365,0.217728260470365,0.217728260470365
D13,MMSZ5226BT1G,TopLayer,ONSC-SOD-123-2-425-04_V,122.3518,96.2208,270,"Zener Voltage Regulator, 500 mW, 2-Pin SOD-123, Pb-Free, Tape and Reel",0.25584089821131184,0.25584089821131184,0.25584089821131184,0.25584089821131184,0.25584089821131184,0.25584089821131184
D11,SMAJ12CA-TR,TopLayer,FP-SMA-CA-MFG,115.0112,106.1470,90,TVS DIODE 12V 25.3V SMA,0.1836806099909319,0.1836806099909319,0.1836806099909319,0.1836806099909319,0.1836806099909319,0.1836806099909319
D10,MMSZ5226BT1G,TopLayer,ONSC-SOD-123-2-425-04_V,114.9948,96.2208,270,"Zener Voltage Regulator, 500 mW, 2-Pin SOD-123, Pb-Free, Tape and Reel",0.2680434504217521,0.2680434504217521,0.2680434504217521,0.2680434504217521,0.2680434504217521,0.2680434504217521
D24,SS510-HT,TopLayer,DIOM5026X262N,45.8724,99.1366,270,Diode,0.21625322065050245,0.21625322065050245,0.21625322065050245,0.21625322065050245,0.21625322065050245,0.21625322065050245
D23,SS510-HT,TopLayer,DIOM5026X262N,46.2026,80.7978,270,Diode,0.19177504164981382,0.19177504164981382,0.19177504164981382,0.19177504164981382,0.19177504164981382,0.19177504164981382
D25,SS510-HT,TopLayer,DIOM5026X262N,46.1570,61.4684,270,Diode,0.17530189413487163,0.17530189413487163,0.17530189413487163,0.17530189413487163,0.17530189413487163,0.17530189413487163
D6,SMAJ12CA-TR,TopLayer,FP-SMA-CA-MFG,107.3150,106.1470,90,TVS DIODE 12V 25.3V SMA,0.16259616509971694,0.16259616509971694,0.16259616509971694,0.16259616509971694,0.16259616509971694,0.16259616509971694
D5,MMSZ5226BT1G,TopLayer,ONSC-SOD-123-2-425-04_V,107.7304,96.2208,270,"Zener Voltage Regulator, 500 mW, 2-Pin SOD-123, Pb-Free, Tape and Reel",0.23717114848803855,0.23717114848803855,0.23717114848803855,0.23717114848803855,0.23717114848803855,0.23717114848803855
D12,SS510-HT,TopLayer,DIOM5026X262N,46.1010,42.9010,270,Diode,0.19782206044174297,0.19782206044174297,0.19782206044174297,0.19782206044174297,0.19782206044174297,0.19782206044174297
D18,SS510-HT,TopLayer,DIOM5026X262N,79.5721,119.6946,270,Diode,0.24815263906650747,0.24815263906650747,0.24815263906650747,0.24815263906650747,0.24815263906650747,0.24815263906650747
D17,SS510-HT,TopLayer,DIOM5026X262N,67.5640,121.0828,270,Diode,0.23680782927789268,0.23680782927789268,0.23680782927789268,0.23680782927789268,0.23680782927789268,0.23680782927789268
D16,SS510-HT,TopLayer,DIOM5026X262N,55.8800,121.3368,270,Diode,0.23828274062699809,0.23828274062699809,0.23828274062699809,0.23828274062699809,0.23828274062699809,0.23828274062699809
D15,SS510-HT,TopLayer,DIOM5026X262N,44.1960,122.8168,270,Diode,0.27533841967624717,0.27533841967624717,0.27533841967624717,0.27533841967624717,0.27533841967624717,0.27533841967624717
D4,SMAJ12CA-TR,TopLayer,FP-SMA-CA-MFG,100.2030,106.1470,90,TVS DIODE 12V 25.3V SMA,0.19870263020199008,0.19870263020199008,0.19870263020199008,0.19870263020199008,0.19870263020199008,0.19870263020199008
D3,MMSZ5226BT1G,TopLayer,ONSC-SOD-123-2-425-04_V,100.6438,96.2208,270,"Zener Voltage Regulator, 500 mW, 2-Pin SOD-123, Pb-Free, Tape and Reel",0.276674877983328,0.276674877983328,0.276674877983328,0.276674877983328,0.276674877983328,0.276674877983328
D9,SS510-HT,TopLayer,DIOM5026X262N,78.3590,97.7902,270,Diode,0.16195338988623664,0.16195338988623664,0.16195338988623664,0.16195338988623664,0.16195338988623664,0.16195338988623664
D8,SS510-HT,TopLayer,DIOM5026X262N,66.4210,97.9172,270,Diode,0.15355719990076558,0.15355719990076558,0.15355719990076558,0.15355719990076558,0.15355719990076558,0.15355719990076558
D7,SS510-HT,TopLayer,DIOM5026X262N,54.1020,97.8082,270,Diode,0.1725356551628313,0.1725356551628313,0.1725356551628313,0.1725356551628313,0.1725356551628313,0.1725356551628313
D2,MMSZ5226BT1G,TopLayer,ONSC-SOD-123-2-425-04_V,128.9050,37.7100,90,"Zener Voltage Regulator, 500 mW, 2-Pin SOD-123, Pb-Free, Tape and Reel",0.08969264808084444,0.08969264808084444,0.08969264808084444,0.08969264808084444,0.08969264808084444,0.08969264808084444
D1,MMSZ5V6T1G,TopLayer,ONSC-SOD-123-2-425-04_V,101.8800,35.5510,270,"Zener Voltage Regulator, 500 mW, 2-Pin SOD-123, Pb-Free, Tape and Reel",0.1410374093804713,0.1410374093804713,0.1410374093804713,0.1410374093804713,0.1410374093804713,0.1410374093804713
C43,100nF,TopLayer,FP-CGA3E-0_3-0_1-IPC_A,84.9376,109.9918,180,CGA3E2X7R1H104K080AA,0.17596699620667458,0.17596699620667458,0.17596699620667458,0.17596699620667458,0.17596699620667458,0.17596699620667458
C42,100nF,TopLayer,FP-CGA3E-0_3-0_1-IPC_A,73.0250,111.3800,180,CGA3E2X7R1H104K080AA,0.06911888436154046,0.06911888436154046,0.06911888436154046,0.06911888436154046,0.06911888436154046,0.06911888436154046
C41,100nF,TopLayer,FP-CGA3E-0_3-0_1-IPC_A,61.2140,111.2530,180,CGA3E2X7R1H104K080AA,0.08758272022849374,0.08758272022849374,0.08758272022849374,0.08758272022849374,0.08758272022849374,0.08758272022849374
C40,100nF,TopLayer,FP-CGA3E-0_3-0_1-IPC_A,49.6950,111.1260,180,CGA3E2X7R1H104K080AA,0.4238230582556715,0.4238230582556715,0.4238230582556715,0.4238230582556715,0.4238230582556715,0.4238230582556715
C36,100nF,TopLayer,FP-CGA3E-0_3-0_1-IPC_A,34.9627,116.3558,180,CGA3E2X7R1H104K080AA,0.22616709622899342,0.22616709622899342,0.22616709622899342,0.22616709622899342,0.22616709622899342,0.22616709622899342
C35,100nF,TopLayer,FP-CGA3E-0_3-0_1-IPC_A,83.5914,88.3160,180,CGA3E2X7R1H104K080AA,0.3130638387018316,0.3130638387018316,0.3130638387018316,0.3130638387018316,0.3130638387018316,0.3130638387018316
C34,100nF,TopLayer,FP-CGA3E-0_3-0_1-IPC_A,71.2470,88.5700,180,CGA3E2X7R1H104K080AA,0.11064273231627998,0.11064273231627998,0.11064273231627998,0.11064273231627998,0.11064273231627998,0.11064273231627998
C33,100nF,TopLayer,FP-CGA3E-0_3-0_1-IPC_A,59.2710,88.3160,180,CGA3E2X7R1H104K080AA,0.14630415736890626,0.14630415736890626,0.14630415736890626,0.14630415736890626,0.14630415736890626,0.14630415736890626
C30,100nF,TopLayer,FP-CGA3E-0_3-0_1-IPC_A,29.6133,116.4537,180,CGA3E2X7R1H104K080AA,0.2735005490856087,0.2735005490856087,0.2735005490856087,0.2735005490856087,0.2735005490856087,0.2735005490856087
C29,100nF,TopLayer,FP-CGA3E-0_3-0_1-IPC_A,24.2237,117.5764,180,CGA3E2X7R1H104K080AA,0.31805753489637384,0.31805753489637384,0.31805753489637384,0.31805753489637384,0.31805753489637384,0.31805753489637384
C28,100nF,TopLayer,FP-CGA3E-0_3-0_1-IPC_A,11.7307,117.0698,180,CGA3E2X7R1H104K080AA,0.06670222577479556,0.06670222577479556,0.06670222577479556,0.06670222577479556,0.06670222577479556,0.06670222577479556
C27,100nF,TopLayer,FP-CGA3E-0_3-0_1-IPC_A,126.2821,17.9274,90,CGA3E2X7R1H104K080AA,0.3157613609468848,0.3157613609468848,0.3157613609468848,0.3157613609468848,0.3157613609468848,0.3157613609468848
C56,100nf,TopLayer,FP-C1608-080-0_1-MFG,64.5160,15.2410,270,Multilayer Ceramic Capacitors 10µF ±10% 10V X5R SMD 0603,0.45460203295284013,0.45460203295284013,0.45460203295284013,0.45460203295284013,0.45460203295284013,0.45460203295284013
C26,100nF,TopLayer,FP-CGA3E-0_3-0_1-IPC_A,113.1118,17.6660,90,CGA3E2X7R1H104K080AA,0.12503026257539485,0.12503026257539485,0.12503026257539485,0.12503026257539485,0.12503026257539485,0.12503026257539485
C25,100nF,TopLayer,FP-CGA3E-0_3-0_1-IPC_A,105.9140,17.8072,90,CGA3E2X7R1H104K080AA,0.08734616090626923,0.08734616090626923,0.08734616090626923,0.08734616090626923,0.08734616090626923,0.08734616090626923
C54,100nF,TopLayer,FP-CGA3E-0_3-0_1-IPC_A,59.1620,20.8930,0,CGA3E2X7R1H104K080AA,0.18312969484481467,0.18312969484481467,0.18312969484481467,0.18312969484481467,0.18312969484481467,0.18312969484481467
C55,Capacitor 100 nF +/-10% 50 V 0603,TopLayer,CAPC1608X90X40NL10T20,27.5280,25.8082,90,"Chip Capacitor, 100 nF, +/- 10%, 50 V, 0603 (1608 Metric)",0.046649495399067036,0.046649495399067036,0.046649495399067036,0.046649495399067036,0.046649495399067036,0.046649495399067036
C53,100nF,TopLayer,FP-CGA3E-0_3-0_1-IPC_A,133.2918,121.6410,180,CGA3E2X7R1H104K080AA,0.021158660224079303,0.021158660224079303,0.021158660224079303,0.021158660224079303,0.021158660224079303,0.021158660224079303
C52,100nF,TopLayer,FP-CGA3E-0_3-0_1-IPC_A,127.0846,121.5140,180,CGA3E2X7R1H104K080AA,0.3031003857162137,0.3031003857162137,0.3031003857162137,0.3031003857162137,0.3031003857162137,0.3031003857162137
C51,100nF,TopLayer,FP-CGA3E-0_3-0_1-IPC_A,114.4870,121.5140,180,CGA3E2X7R1H104K080AA,0.020508317657643983,0.020508317657643983,0.020508317657643983,0.020508317657643983,0.020508317657643983,0.020508317657643983
C50,100nF,TopLayer,FP-CGA3E-0_3-0_1-IPC_A,108.5750,120.8000,180,CGA3E2X7R1H104K080AA,0.09413505988872578,0.09413505988872578,0.09413505988872578,0.09413505988872578,0.09413505988872578,0.09413505988872578
C49,100nF,TopLayer,FP-CGA3E-0_3-0_1-IPC_A,103.1434,120.8000,180,CGA3E2X7R1H104K080AA,0.12769536325391956,0.12769536325391956,0.12769536325391956,0.12769536325391956,0.12769536325391956,0.12769536325391956
C45,100nF,TopLayer,FP-CGA3E-0_3-0_1-IPC_A,97.4000,120.8000,180,CGA3E2X7R1H104K080AA,0.3309916767689567,0.3309916767689567,0.3309916767689567,0.3309916767689567,0.3309916767689567,0.3309916767689567
C44,100nF,TopLayer,FP-CGA3E-0_3-0_1-IPC_A,133.5698,100.0552,180,CGA3E2X7R1H104K080AA,0.1022676331354351,0.1022676331354351,0.1022676331354351,0.1022676331354351,0.1022676331354351,0.1022676331354351
C47,100nF,TopLayer,FP-CGA3E-0_3-0_1-IPC_A,49.3345,92.2487,90,CGA3E2X7R1H104K080AA,0.13329691479406994,0.13329691479406994,0.13329691479406994,0.13329691479406994,0.13329691479406994,0.13329691479406994
C46,100nF,TopLayer,FP-CGA3E-0_3-0_1-IPC_A,49.8976,74.0555,90,CGA3E2X7R1H104K080AA,0.18918590432242685,0.18918590432242685,0.18918590432242685,0.18918590432242685,0.18918590432242685,0.18918590432242685
C48,100nF,TopLayer,FP-CGA3E-0_3-0_1-IPC_A,49.9924,54.5342,90,CGA3E2X7R1H104K080AA,0.12204583995368981,0.12204583995368981,0.12204583995368981,0.12204583995368981,0.12204583995368981,0.12204583995368981
C39,100nF,TopLayer,FP-CGA3E-0_3-0_1-IPC_A,126.3904,100.2796,180,CGA3E2X7R1H104K080AA,0.0866830973649966,0.0866830973649966,0.0866830973649966,0.0866830973649966,0.0866830973649966,0.0866830973649966
C37,100nF,TopLayer,FP-CGA3E-0_3-0_1-IPC_A,119.3524,100.0991,180,CGA3E2X7R1H104K080AA,-0.01592490891730578,-0.01592490891730578,-0.01592490891730578,-0.01592490891730578,-0.01592490891730578,-0.01592490891730578
C38,100nF,TopLayer,FP-CGA3E-0_3-0_1-IPC_A,49.9110,36.6400,90,CGA3E2X7R1H104K080AA,0.21663972115497493,0.21663972115497493,0.21663972115497493,0.21663972115497493,0.21663972115497493,0.21663972115497493
C32,100nF,TopLayer,FP-CGA3E-0_3-0_1-IPC_A,111.8872,100.2796,180,CGA3E2X7R1H104K080AA,0.05091325408731439,0.05091325408731439,0.05091325408731439,0.05091325408731439,0.05091325408731439,0.05091325408731439
C31,100nF,TopLayer,FP-CGA3E-0_3-0_1-IPC_A,104.7750,100.2796,180,CGA3E2X7R1H104K080AA,0.007887627208156141,0.007887627208156141,0.007887627208156141,0.007887627208156141,0.007887627208156141,0.007887627208156141
C24,100nF,TopLayer,FP-CGA3E-0_3-0_1-IPC_A,98.3500,18.1500,90,CGA3E2X7R1H104K080AA,0.40322238534180016,0.40322238534180016,0.40322238534180016,0.40322238534180016,0.40322238534180016,0.40322238534180016
C23,100nF,TopLayer,FP-CGA3E-0_3-0_1-IPC_A,97.2757,100.2796,180,CGA3E2X7R1H104K080AA,0.39758205969541993,0.39758205969541993,0.39758205969541993,0.39758205969541993,0.39758205969541993,0.39758205969541993
C22,10uf,TopLayer,FP-C1608-080-0_1-MFG,116.8400,38.5830,0,Multilayer Ceramic Capacitors 10µF ±10% 10V X5R SMD 0603,0.09060175635655081,0.09060175635655081,0.09060175635655081,0.09060175635655081,0.09060175635655081,0.09060175635655081
C21,100nf,TopLayer,FP-C1608-080-0_1-MFG,116.9020,36.6780,0,Multilayer Ceramic Capacitors 10µF ±10% 10V X5R SMD 0603,0.08582653532589049,0.08582653532589049,0.08582653532589049,0.08582653532589049,0.08582653532589049,0.08582653532589049
C20,10uf,TopLayer,FP-C1608-080-0_1-MFG,115.8660,32.9130,90,Multilayer Ceramic Capacitors 10µF ±10% 10V X5R SMD 0603,0.11614485135176322,0.11614485135176322,0.11614485135176322,0.11614485135176322,0.11614485135176322,0.11614485135176322
C18,Capacitor 100 nF +/-10% 50 V 0603,TopLayer,CAPC1608X90X40NL10T20,100.4000,27.9000,90,"Chip Capacitor, 100 nF, +/- 10%, 50 V, 0603 (1608 Metric)",0.17322330664233387,0.17322330664233387,0.17322330664233387,0.17322330664233387,0.17322330664233387,0.17322330664233387
C15,Capacitor 100 nF +/-10% 50 V 0603,TopLayer,CAPC1608X90X40NL10T20,103.8860,39.8530,0,"Chip Capacitor, 100 nF, +/- 10%, 50 V, 0603 (1608 Metric)",0.23893132640178003,0.23893132640178003,0.23893132640178003,0.23893132640178003,0.23893132640178003,0.23893132640178003
C14,4.7uF,TopLayer,FP-C0603-CG-MFG,94.2340,57.7600,270,CAP CER 4.7UF 6.3V X5R 0603,0.21425568920772342,0.21425568920772342,0.21425568920772342,0.21425568920772342,0.21425568920772342,0.21425568920772342
C13,Capacitor 100 nF +/-10% 50 V 0603,TopLayer,CAPC1608X90X40NL10T20,91.5670,57.7600,90,"Chip Capacitor, 100 nF, +/- 10%, 50 V, 0603 (1608 Metric)",0.26296191187604623,0.26296191187604623,0.26296191187604623,0.26296191187604623,0.26296191187604623,0.26296191187604623
C12,Capacitor 100 nF +/-10% 50 V 0603,TopLayer,CAPC1608X90X40NL10T20,89.6500,57.7750,90,"Chip Capacitor, 100 nF, +/- 10%, 50 V, 0603 (1608 Metric)",0.09837497522756809,0.09837497522756809,0.09837497522756809,0.09837497522756809,0.09837497522756809,0.09837497522756809
C11,Capacitor 100 nF +/-10% 50 V 0603,TopLayer,CAPC1608X90X40NL10T20,71.0692,62.8654,0,"Chip Capacitor, 100 nF, +/- 10%, 50 V, 0603 (1608 Metric)",0.2736839913033091,0.2736839913033091,0.2736839913033091,0.2736839913033091,0.2736839913033091,0.2736839913033091
C10,Capacitor 100 nF +/-10% 50 V 0603,TopLayer,CAPC1608X90X40NL10T20,71.0926,64.6466,0,"Chip Capacitor, 100 nF, +/- 10%, 50 V, 0603 (1608 Metric)",0.2003691281456541,0.2003691281456541,0.2003691281456541,0.2003691281456541,0.2003691281456541,0.2003691281456541
C9,Capacitor 100 nF +/-10% 50 V 0603,TopLayer,CAPC1608X90X40NL10T20,78.4760,82.6520,180,"Chip Capacitor, 100 nF, +/- 10%, 50 V, 0603 (1608 Metric)",0.14243117743688355,0.14243117743688355,0.14243117743688355,0.14243117743688355,0.14243117743688355,0.14243117743688355
C8,Capacitor 100 nF +/-10% 50 V 0603,TopLayer,CAPC1608X90X40NL10T20,78.4760,80.7470,180,"Chip Capacitor, 100 nF, +/- 10%, 50 V, 0603 (1608 Metric)",0.23675046526115412,0.23675046526115412,0.23675046526115412,0.23675046526115412,0.23675046526115412,0.23675046526115412
C17,10uf,TopLayer,FP-C1608-080-0_1-MFG,99.3020,66.4480,270,Multilayer Ceramic Capacitors 10µF ±10% 10V X5R SMD 0603,0.18298930907679967,0.18298930907679967,0.18298930907679967,0.18298930907679967,0.18298930907679967,0.18298930907679967
C2,10 nF,TopLayer,FP-CC0603-DA-MFG,98.1430,75.7034,90,CAP CER 10000PF 50V X7R 0603,0.06660196516751628,0.06660196516751628,0.06660196516751628,0.06660196516751628,0.06660196516751628,0.06660196516751628
C3,Capacitor 1uF +/- 10% 16V 0603,TopLayer,CAPC1608X90X35ML15T15,100.3020,75.7034,270,"Chip Capacitor, 1 uF, +/- 10%, 16 V, 0603 (1608 Metric)",0.015484952534462174,0.015484952534462174,0.015484952534462174,0.015484952534462174,0.015484952534462174,0.015484952534462174
C16,10uf,TopLayer,FP-C1608-080-0_1-MFG,105.3980,67.0210,90,Multilayer Ceramic Capacitors 10µF ±10% 10V X5R SMD 0603,0.05105851220728135,0.05105851220728135,0.05105851220728135,0.05105851220728135,0.05105851220728135,0.05105851220728135
C7,Capacitor 1uF +/- 10% 16V 0603,TopLayer,CAPC1608X90X35ML15T15,109.4620,66.9560,270,"Chip Capacitor, 1 uF, +/- 10%, 16 V, 0603 (1608 Metric)",0.008367859133011527,0.008367859133011527,0.008367859133011527,0.008367859133011527,0.008367859133011527,0.008367859133011527
C6,Capacitor 100 nF +/-10% 50 V 0603,TopLayer,CAPC1608X90X40NL10T20,107.3030,67.0930,270,"Chip Capacitor, 100 nF, +/- 10%, 50 V, 0603 (1608 Metric)",-0.07438070967902846,-0.07438070967902846,-0.07438070967902846,-0.07438070967902846,-0.07438070967902846,-0.07438070967902846
C1,100nf,TopLayer,FP-CGA3E-0_3-0_1-IPC_A,97.5360,55.0930,270,CGA3E2X7R1H104K080AA,0.4252645446601959,0.4252645446601959,0.4252645446601959,0.4252645446601959,0.4252645446601959,0.4252645446601959
